1	http://upload.wikimedia.org/wikipedia/commons/thumb/5/5c/Crypturellus_soui.jpg/220px-Crypturellus_soui.jpg	1
2	http://upload.wikimedia.org/wikipedia/commons/thumb/b/b3/Penelope_purpurascens.jpg/220px-Penelope_purpurascens.jpg	2
3	http://upload.wikimedia.org/wikipedia/commons/thumb/5/51/Sickle-winged_Guan.jpg/220px-Sickle-winged_Guan.jpg	3
4	http://upload.wikimedia.org/wikipedia/commons/thumb/3/33/Colinus_cristatus_-Curacao%2C_Netherlands_Antilles-8a.jpg/220px-Colinus_cristatus_-Curacao%2C_Netherlands_Antilles-8a.jpg	4
5	http://upload.wikimedia.org/wikipedia/commons/thumb/6/63/Status_iucn3.1_VU.svg/220px-Status_iucn3.1_VU.svg.png	5
6	http://upload.wikimedia.org/wikipedia/commons/thumb/8/8a/Patagioenas_cayennensis%2C_Pale-vented_Pigeon.jpg/220px-Patagioenas_cayennensis%2C_Pale-vented_Pigeon.jpg	6
7	http://upload.wikimedia.org/wikipedia/commons/thumb/b/b8/Patagioenas_speciosa_-Zooparque_Itatiba%2C_Sao_Paulo_State%2C_Brazil_-adult-8a.jpg/220px-Patagioenas_speciosa_-Zooparque_Itatiba%2C_Sao_Paulo_State%2C_Brazil_-adult-8a.jpg	7
8	http://upload.wikimedia.org/wikipedia/commons/thumb/0/00/Patagioenas_corensis.jpg/220px-Patagioenas_corensis.jpg	8
9	http://upload.wikimedia.org/wikipedia/commons/thumb/b/ba/Patagioenas_fasciata_-San_Luis_Obispo%2C_California%2C_USA-8_%281%29.jpg/220px-Patagioenas_fasciata_-San_Luis_Obispo%2C_California%2C_USA-8_%281%29.jpg	9
10	http://upload.wikimedia.org/wikipedia/commons/thumb/4/44/Patagioenas_subvinacea_-NW_Ecuador-8.jpg/220px-Patagioenas_subvinacea_-NW_Ecuador-8.jpg	10
11	http://upload.wikimedia.org/wikipedia/commons/thumb/c/c2/Columbina1.jpeg/220px-Columbina1.jpeg	11
12	http://upload.wikimedia.org/wikipedia/commons/thumb/a/aa/Columbina_talpacoti.jpg/220px-Columbina_talpacoti.jpg	12
13	http://upload.wikimedia.org/wikipedia/commons/thumb/d/dc/Blue_Ground-dove_2496236152.jpg/220px-Blue_Ground-dove_2496236152.jpg	13
14	http://upload.wikimedia.org/wikipedia/commons/thumb/5/5a/Status_iucn3.1_LC.svg/220px-Status_iucn3.1_LC.svg.png	14
15	http://upload.wikimedia.org/wikipedia/commons/thumb/8/8b/Geotrygon_montana_Parc_des_Mamelles_Guadeloupe_2010-04-04.jpg/220px-Geotrygon_montana_Parc_des_Mamelles_Guadeloupe_2010-04-04.jpg	15
16	http://upload.wikimedia.org/wikipedia/commons/thumb/a/a0/White-tipped_Dove_-_Panama_H8O8470.jpg/220px-White-tipped_Dove_-_Panama_H8O8470.jpg	16
17	http://upload.wikimedia.org/wikipedia/commons/thumb/2/21/Giuseppe_Arcimboldo_-_Blue-Headed_Quail-Dove_-_WGA00861.jpg/220px-Giuseppe_Arcimboldo_-_Blue-Headed_Quail-Dove_-_WGA00861.jpg	17
18	http://upload.wikimedia.org/wikipedia/commons/thumb/2/27/Smooth-billed_ani_%28Crotophaga_ani%29_GC.JPG/220px-Smooth-billed_ani_%28Crotophaga_ani%29_GC.JPG	18
19	http://upload.wikimedia.org/wikipedia/commons/thumb/5/54/Crotophaga_sulcirostris_CR_bis.JPG/220px-Crotophaga_sulcirostris_CR_bis.JPG	19
20	http://upload.wikimedia.org/wikipedia/commons/thumb/6/68/SACI_%28Tapera_naevia_%29.jpg/220px-SACI_%28Tapera_naevia_%29.jpg	20
21	http://upload.wikimedia.org/wikipedia/commons/thumb/2/27/Flickr_-_Dario_Sanches_-_ALMA-DE-GATO_%28Piaya_cayana%29.jpg/220px-Flickr_-_Dario_Sanches_-_ALMA-DE-GATO_%28Piaya_cayana%29.jpg	21
22	http://upload.wikimedia.org/wikipedia/commons/thumb/5/55/Nacunda_nighthawk.jpg/220px-Nacunda_nighthawk.jpg	22
23	http://upload.wikimedia.org/wikipedia/commons/thumb/e/ec/Chordeiles_acutipennis_-_Lesser_Nighthawk.jpg/220px-Chordeiles_acutipennis_-_Lesser_Nighthawk.jpg	23
24	http://upload.wikimedia.org/wikipedia/commons/thumb/e/eb/Common_Nighthawk_%2814428313550%29.jpg/260px-Common_Nighthawk_%2814428313550%29.jpg	24
25	http://upload.wikimedia.org/wikipedia/commons/thumb/0/0b/Nyctidromus_albicollis2.jpg/220px-Nyctidromus_albicollis2.jpg	25
26	http://upload.wikimedia.org/wikipedia/commons/thumb/3/37/Oilbirds.jpg/220px-Oilbirds.jpg	26
27	http://upload.wikimedia.org/wikipedia/commons/thumb/7/74/Streptoprocne_zonaris%2C_White-collared_Swift.jpg/220px-Streptoprocne_zonaris%2C_White-collared_Swift.jpg	27
28	http://upload.wikimedia.org/wikipedia/commons/thumb/9/93/Panyptila_cayennensis_-NW_Ecuador-4.jpg/220px-Panyptila_cayennensis_-NW_Ecuador-4.jpg	28
29	http://upload.wikimedia.org/wikipedia/commons/thumb/3/32/White-necked_jacobin_%28Florisuga_mellivora_mellivora%29_male_Tr.jpg/220px-White-necked_jacobin_%28Florisuga_mellivora_mellivora%29_male_Tr.jpg	29
30	http://upload.wikimedia.org/wikipedia/commons/thumb/0/0e/Bronzy_Hermit_%283529655516%29.jpg/220px-Bronzy_Hermit_%283529655516%29.jpg	30
31	http://upload.wikimedia.org/wikipedia/commons/thumb/3/3f/Rufous-breasted_hermit_%28_Glaucis_hirsutus_insularum%29.jpg/220px-Rufous-breasted_hermit_%28_Glaucis_hirsutus_insularum%29.jpg	31
32	http://upload.wikimedia.org/wikipedia/commons/thumb/0/01/Tawny-bellied_Hermit_%28Phaethornis_syrmatophorus%29.jpg/220px-Tawny-bellied_Hermit_%28Phaethornis_syrmatophorus%29.jpg	32
33	http://upload.wikimedia.org/wikipedia/commons/thumb/3/35/Phaethornis_longirostris.jpg/220px-Phaethornis_longirostris.jpg	33
34	http://upload.wikimedia.org/wikipedia/commons/thumb/3/37/MonographTrochi1Goul_0236.jpg/220px-MonographTrochi1Goul_0236.jpg	34
35	http://upload.wikimedia.org/wikipedia/commons/thumb/b/bc/Phaethornis_striigularis.jpg/220px-Phaethornis_striigularis.jpg	35
36	http://upload.wikimedia.org/wikipedia/commons/thumb/3/31/Grey-chinned_Hermit.jpg/220px-Grey-chinned_Hermit.jpg	36
37	http://upload.wikimedia.org/wikipedia/commons/thumb/f/f3/MonographTrochi1Goul_0256.jpg/220px-MonographTrochi1Goul_0256.jpg	37
38	http://upload.wikimedia.org/wikipedia/commons/thumb/c/c4/050305_Brown_Violet-ear_crop.jpg/220px-050305_Brown_Violet-ear_crop.jpg	38
39	http://upload.wikimedia.org/wikipedia/commons/thumb/d/db/Colibri-thalassinus-001-edit.jpg/220px-Colibri-thalassinus-001-edit.jpg	39
40	http://upload.wikimedia.org/wikipedia/commons/thumb/a/a8/Colibri_coruscans.jpg/220px-Colibri_coruscans.jpg	40
41	http://upload.wikimedia.org/wikipedia/commons/thumb/8/80/Ruby-topaz-hummingbird_chrysolampis-mosquitus-7042-cr1.jpg/220px-Ruby-topaz-hummingbird_chrysolampis-mosquitus-7042-cr1.jpg	41
42	http://upload.wikimedia.org/wikipedia/commons/thumb/8/8b/Anthracothorax_nigricollis_1152.jpg/220px-Anthracothorax_nigricollis_1152.jpg	42
43	http://upload.wikimedia.org/wikipedia/commons/thumb/a/a2/SpeckledHummingbird.jpg/220px-SpeckledHummingbird.jpg	43
44	http://upload.wikimedia.org/wikipedia/commons/thumb/8/83/Anthocephala_floriceps.jpg/220px-Anthocephala_floriceps.jpg	44
45	http://upload.wikimedia.org/wikipedia/commons/thumb/a/af/RhamphomicronDorsaleKeulemans.jpg/220px-RhamphomicronDorsaleKeulemans.jpg	45
46	http://upload.wikimedia.org/wikipedia/commons/thumb/5/5b/Metallura_tyrianthina.jpg/220px-Metallura_tyrianthina.jpg	46
47	http://upload.wikimedia.org/wikipedia/commons/thumb/6/65/Coeligena_phalerata%2C_male_%2812711468004%29.jpg/220px-Coeligena_phalerata%2C_male_%2812711468004%29.jpg	47
48	http://upload.wikimedia.org/wikipedia/commons/thumb/2/2b/MonographTrochi4Goul_0142.jpg/220px-MonographTrochi4Goul_0142.jpg	48
49	http://upload.wikimedia.org/wikipedia/commons/thumb/a/a1/Mountain_Velvetbreast_%28Lafresnaya_lafresnayi%29.jpg/220px-Mountain_Velvetbreast_%28Lafresnaya_lafresnayi%29.jpg	49
50	http://upload.wikimedia.org/wikipedia/commons/thumb/2/28/Heliomaster_longirostris%2C_Long-billed_Starthroat.jpg/220px-Heliomaster_longirostris%2C_Long-billed_Starthroat.jpg	50
51	http://upload.wikimedia.org/wikipedia/commons/thumb/5/5a/Status_iucn3.1_LC.svg/220px-Status_iucn3.1_LC.svg.png	51
52	http://upload.wikimedia.org/wikipedia/commons/thumb/c/cf/Chlorostilbon_gibsoni_macho_%2817186001392%29.jpg/220px-Chlorostilbon_gibsoni_macho_%2817186001392%29.jpg	52
53	http://upload.wikimedia.org/wikipedia/commons/thumb/a/a7/MonographTrochiSupplementGoul_0326.jpg/220px-MonographTrochiSupplementGoul_0326.jpg	53
54	http://upload.wikimedia.org/wikipedia/commons/thumb/7/7c/Campylopterus_falcatus.jpg/220px-Campylopterus_falcatus.jpg	54
55	http://upload.wikimedia.org/wikipedia/commons/thumb/1/1f/CampylopterusOxypogonKeulemans.jpg/220px-CampylopterusOxypogonKeulemans.jpg	55
56	http://upload.wikimedia.org/wikipedia/commons/thumb/c/c6/White-vented_Plumeleteer.jpg/220px-White-vented_Plumeleteer.jpg	56
57	http://upload.wikimedia.org/wikipedia/commons/thumb/6/64/Thalurania_fannyi_%28male%29_-NW_Ecuador-.jpg/220px-Thalurania_fannyi_%28male%29_-NW_Ecuador-.jpg	57
58	http://upload.wikimedia.org/wikipedia/commons/thumb/6/67/Steely-vented_Hummingbird_%28Amazilia_saucerrottei%29_1.jpg/220px-Steely-vented_Hummingbird_%28Amazilia_saucerrottei%29_1.jpg	58
59	http://upload.wikimedia.org/wikipedia/commons/thumb/e/e4/Rufous-tailed_Hummingbird.jpg/220px-Rufous-tailed_Hummingbird.jpg	59
60	http://upload.wikimedia.org/wikipedia/commons/thumb/8/82/Lepidopyga_coeruleogularis_%28Colibr%C3%AD_zafirino%29_-_Macho_%2814413881800%29.jpg/220px-Lepidopyga_coeruleogularis_%28Colibr%C3%AD_zafirino%29_-_Macho_%2814413881800%29.jpg	60
61	http://upload.wikimedia.org/wikipedia/commons/thumb/4/4c/Shining-green_Hummingbird.jpg/220px-Shining-green_Hummingbird.jpg	61
62	http://upload.wikimedia.org/wikipedia/commons/thumb/0/04/Hylocharis_cyanus_2.jpg/220px-Hylocharis_cyanus_2.jpg	62
63	http://upload.wikimedia.org/wikipedia/commons/thumb/9/9d/Coragyps-atratus-001.jpg/220px-Coragyps-atratus-001.jpg	63
64	http://upload.wikimedia.org/wikipedia/commons/thumb/7/78/Cathartes_aura_-Santa_Teresa_County_Park%2C_San_Jose%2C_California%2C_USA_-adult-8a.jpg/220px-Cathartes_aura_-Santa_Teresa_County_Park%2C_San_Jose%2C_California%2C_USA_-adult-8a.jpg	64
65	http://upload.wikimedia.org/wikipedia/commons/thumb/8/81/Vultur_gryphus_-Dou%C3%A9-la-Fontaine_Zoo%2C_France-8a.jpg/220px-Vultur_gryphus_-Dou%C3%A9-la-Fontaine_Zoo%2C_France-8a.jpg	65
66	http://upload.wikimedia.org/wikipedia/commons/thumb/5/5e/Gampsonyx_swainsonii_Pearl_Kite.jpg/220px-Gampsonyx_swainsonii_Pearl_Kite.jpg	66
67	http://upload.wikimedia.org/wikipedia/commons/thumb/c/c3/Black_and_chestnut_Eagle.jpg/220px-Black_and_chestnut_Eagle.jpg	67
68	http://upload.wikimedia.org/wikipedia/commons/thumb/b/b3/Ictinia_plumbea_-Mato_Grosso_do_Sul%2C_Brazil-8.jpg/220px-Ictinia_plumbea_-Mato_Grosso_do_Sul%2C_Brazil-8.jpg	68
69	http://upload.wikimedia.org/wikipedia/commons/thumb/4/4c/Accipiter_collaris_1860.jpg/220px-Accipiter_collaris_1860.jpg	69
70	http://upload.wikimedia.org/wikipedia/commons/thumb/c/c9/Accipiter_striatus%2C_Canet_Road%2C_San_Luis_Obispo_1.jpg/220px-Accipiter_striatus%2C_Canet_Road%2C_San_Luis_Obispo_1.jpg	70
71	http://upload.wikimedia.org/wikipedia/commons/thumb/3/38/Common_black-hawk_%28Buteogallus_anthracinus_gundlachii%29.JPG/220px-Common_black-hawk_%28Buteogallus_anthracinus_gundlachii%29.JPG	71
72	http://upload.wikimedia.org/wikipedia/commons/thumb/4/47/Solitary_Eagle.jpg/220px-Solitary_Eagle.jpg	72
73	http://upload.wikimedia.org/wikipedia/commons/thumb/7/7e/Buteo_magnirostris_-Goias_-Brazil-8.jpg/220px-Buteo_magnirostris_-Goias_-Brazil-8.jpg	73
74	http://upload.wikimedia.org/wikipedia/commons/thumb/8/84/Buteo_leucorrhous_-NW_Ecuador-6.jpg/220px-Buteo_leucorrhous_-NW_Ecuador-6.jpg	74
75	http://upload.wikimedia.org/wikipedia/commons/thumb/8/84/Grey-lined_hawk_%28Buteo_nitidus%29.jpg/220px-Grey-lined_hawk_%28Buteo_nitidus%29.jpg	75
76	http://upload.wikimedia.org/wikipedia/commons/thumb/9/99/Julie_Waters_broad_winged_hawk.JPG/220px-Julie_Waters_broad_winged_hawk.JPG	76
77	http://upload.wikimedia.org/wikipedia/commons/thumb/2/23/Bubo_virginianus_06.jpg/220px-Bubo_virginianus_06.jpg	78
78	http://upload.wikimedia.org/wikipedia/commons/thumb/5/59/Cactus_Ferruginous_Pygmy-owl.jpg/220px-Cactus_Ferruginous_Pygmy-owl.jpg	79
79	http://upload.wikimedia.org/wikipedia/commons/thumb/d/df/Mottled_Owl.jpg/220px-Mottled_Owl.jpg	80
80	http://upload.wikimedia.org/wikipedia/commons/thumb/c/c8/Black_and_White_owl.jpg/220px-Black_and_White_owl.jpg	81
81	http://upload.wikimedia.org/wikipedia/commons/thumb/d/dc/A_monograph_of_the_Trogonidae%2C_or_family_of_trogons_%2840570576671%29.jpg/220px-A_monograph_of_the_Trogonidae%2C_or_family_of_trogons_%2840570576671%29.jpg	82
82	http://upload.wikimedia.org/wikipedia/commons/thumb/a/af/Trogon_violaceus_3.jpg/220px-Trogon_violaceus_3.jpg	83
83	http://upload.wikimedia.org/wikipedia/commons/thumb/4/4b/Masked_Trogon_%28Trogon_personatus%29_%2820144038635%29.jpg/220px-Masked_Trogon_%28Trogon_personatus%29_%2820144038635%29.jpg	84
84	http://upload.wikimedia.org/wikipedia/commons/thumb/9/94/Momotus_subrufescens%2C_Panama_5.jpg/220px-Momotus_subrufescens%2C_Panama_5.jpg	85
85	http://upload.wikimedia.org/wikipedia/commons/thumb/e/e7/Amazon_Kingfisher.jpg/220px-Amazon_Kingfisher.jpg	86
86	http://upload.wikimedia.org/wikipedia/commons/thumb/3/3f/Hypnelus_ruficollis_-_Russet-throated_Puffbird.jpg/220px-Hypnelus_ruficollis_-_Russet-throated_Puffbird.jpg	87
87	http://upload.wikimedia.org/wikipedia/commons/thumb/6/60/Rufous-tailed_jacamar_%28Galbula_ruficauda%29_male_2.JPG/220px-Rufous-tailed_jacamar_%28Galbula_ruficauda%29_male_2.JPG	88
88	http://upload.wikimedia.org/wikipedia/commons/thumb/6/6f/Aulacorhynchus_albivitta_%2814458390459%29.jpg/220px-Aulacorhynchus_albivitta_%2814458390459%29.jpg	89
89	http://upload.wikimedia.org/wikipedia/commons/thumb/5/57/Aulacorhynchus_sulcatus_-Aragua_State_-Venezuela-8.jpg/220px-Aulacorhynchus_sulcatus_-Aragua_State_-Venezuela-8.jpg	90
90	http://upload.wikimedia.org/wikipedia/commons/thumb/d/df/Flickr_-_archer10_%28Dennis%29_-_Belize-0924_-_Toucan.jpg/220px-Flickr_-_archer10_%28Dennis%29_-_Belize-0924_-_Toucan.jpg	91
91	http://upload.wikimedia.org/wikipedia/commons/thumb/4/43/Ramphastos_sulfuratus_-Belize_Zoo-6a-2c.jpg/220px-Ramphastos_sulfuratus_-Belize_Zoo-6a-2c.jpg	92
92	http://upload.wikimedia.org/wikipedia/commons/thumb/0/03/Scaled_Piculet_Telegrafista_Escamado_%28Picumnus_squamulatus_rohli%29_%28%E2%99%80%29_3.jpg/220px-Scaled_Piculet_Telegrafista_Escamado_%28Picumnus_squamulatus_rohli%29_%28%E2%99%80%29_3.jpg	93
93	http://upload.wikimedia.org/wikipedia/commons/thumb/6/69/Picumnus_cinnamomeus_-_1820-1863_-_Print_-_Iconographia_Zoologica_-_Special_Collections_University_of_Amsterdam_-_UBA01_IZ18700019_%28cropped%29.tif/lossy-page1-220px-Picumnus_cinnamomeus_-_1820-1863_-_Print_-_Iconographia_Zoologica_-_Special_Collections_University_of_Amsterdam_-_UBA01_IZ18700019_%28cropped%29.tif.jpg	94
94	http://upload.wikimedia.org/wikipedia/commons/thumb/1/13/Red-crowned_Woodpecker_%28Melanerpes_rubricapillus%29.jpg/220px-Red-crowned_Woodpecker_%28Melanerpes_rubricapillus%29.jpg	95
95	http://upload.wikimedia.org/wikipedia/commons/thumb/6/6c/Powerful_Woodpecker_-_Ecuador_S4E2767.jpg/220px-Powerful_Woodpecker_-_Ecuador_S4E2767.jpg	98
96	http://upload.wikimedia.org/wikipedia/commons/thumb/f/f4/Crimson-crestewoodpecker.jpg/220px-Crimson-crestewoodpecker.jpg	99
97	http://upload.wikimedia.org/wikipedia/commons/thumb/e/ed/PICA-PAU-DE-BANDA-BRANCA_%28Dryocopus_lineatus%29.jpg/220px-PICA-PAU-DE-BANDA-BRANCA_%28Dryocopus_lineatus%29.jpg	100
98	http://upload.wikimedia.org/wikipedia/commons/thumb/1/1b/Piculus_chrysochloros_Golden-green_Woodpecker.JPG/220px-Piculus_chrysochloros_Golden-green_Woodpecker.JPG	101
99	http://upload.wikimedia.org/wikipedia/commons/thumb/7/71/Golden-olive_Woodpecker.jpg/220px-Golden-olive_Woodpecker.jpg	102
100	http://upload.wikimedia.org/wikipedia/commons/thumb/2/2f/Micrastur_ruficollis_-Parque_Estadual_da_Serra_da_Cantareira%2C_Sao_Paulo%2C_Brazil-8.jpg/220px-Micrastur_ruficollis_-Parque_Estadual_da_Serra_da_Cantareira%2C_Sao_Paulo%2C_Brazil-8.jpg	103
101	http://upload.wikimedia.org/wikipedia/commons/thumb/0/0c/Caracara_cheriway_-Brevard_Zoo-8a.jpg/220px-Caracara_cheriway_-Brevard_Zoo-8a.jpg	104
102	http://upload.wikimedia.org/wikipedia/commons/thumb/1/1d/Gelbkopfkarakara_Milvago_chimachima.jpg/220px-Gelbkopfkarakara_Milvago_chimachima.jpg	105
103	http://upload.wikimedia.org/wikipedia/commons/thumb/6/61/Lachfalke.jpg/240px-Lachfalke.jpg	106
104	http://upload.wikimedia.org/wikipedia/commons/thumb/7/73/AmericanKestrel02.jpg/220px-AmericanKestrel02.jpg	107
105	http://upload.wikimedia.org/wikipedia/commons/thumb/0/0a/OFalco_rufigularis_Bat_Falcon.jpg/220px-OFalco_rufigularis_Bat_Falcon.jpg	108
106	http://upload.wikimedia.org/wikipedia/commons/thumb/a/ab/Bolborhynchus_lineola_-captive-8a.jpg/220px-Bolborhynchus_lineola_-captive-8a.jpg	109
107	http://upload.wikimedia.org/wikipedia/commons/thumb/1/11/Brotogeris_jugularis_-UCV_-Maracay_-Venezuela-8.jpg/220px-Brotogeris_jugularis_-UCV_-Maracay_-Venezuela-8.jpg	110
108	http://upload.wikimedia.org/wikipedia/commons/thumb/5/5b/Pionus_sordidus_-two_captive-4a.jpg/220px-Pionus_sordidus_-two_captive-4a.jpg	111
109	http://upload.wikimedia.org/wikipedia/commons/thumb/2/21/Pionus_menstruus_-in_captivity.jpg/300px-Pionus_menstruus_-in_captivity.jpg	112
110	http://upload.wikimedia.org/wikipedia/commons/thumb/3/33/Amazona_mercenaria_-Ecuador_-Andes-8-4c.jpg/220px-Amazona_mercenaria_-Ecuador_-Andes-8-4c.jpg	113
111	http://upload.wikimedia.org/wikipedia/commons/thumb/f/f5/Forpus_xanthopterygius_-Goias%2C_Brazil_-male-8.jpg/300px-Forpus_xanthopterygius_-Goias%2C_Brazil_-male-8.jpg	114
112	http://upload.wikimedia.org/wikipedia/commons/thumb/4/47/Forpus_conspicillatus_-Colombia_-pair-8-3c.jpg/300px-Forpus_conspicillatus_-Colombia_-pair-8-3c.jpg	115
113	http://upload.wikimedia.org/wikipedia/commons/thumb/6/65/Pyrrhura_viridicata.jpg/220px-Pyrrhura_viridicata.jpg	116
114	http://upload.wikimedia.org/wikipedia/commons/thumb/5/53/Aratinga_pertinax_-national_park_-Aruba-8.jpg/260px-Aratinga_pertinax_-national_park_-Aruba-8.jpg	117
115	http://upload.wikimedia.org/wikipedia/commons/thumb/b/ba/Ara_militaris_-London_Zoo-8a.jpg/220px-Ara_militaris_-London_Zoo-8a.jpg	118
116	http://upload.wikimedia.org/wikipedia/commons/thumb/8/8f/Aratinga_wagleri_-Jurong_BirdPark-4.jpg/260px-Aratinga_wagleri_-Jurong_BirdPark-4.jpg	119
117	http://upload.wikimedia.org/wikipedia/commons/thumb/c/c2/Sakesphorus_canadensis_Black-crested_Antshrike.jpg/220px-Sakesphorus_canadensis_Black-crested_Antshrike.jpg	120
118	http://upload.wikimedia.org/wikipedia/commons/thumb/6/65/Thamnophilus_doliatus_-Goias%2C_Brazil-8.jpg/220px-Thamnophilus_doliatus_-Goias%2C_Brazil-8.jpg	121
119	http://upload.wikimedia.org/wikipedia/commons/thumb/5/5a/Status_iucn3.1_LC.svg/220px-Status_iucn3.1_LC.svg.png	122
120	http://upload.wikimedia.org/wikipedia/commons/thumb/a/a1/ThamnophilusMelanonotusWolf.jpg/220px-ThamnophilusMelanonotusWolf.jpg	123
121	http://upload.wikimedia.org/wikipedia/commons/thumb/c/c1/White-fringed_Antwren_%28Formicivora_grisea%29.JPG/220px-White-fringed_Antwren_%28Formicivora_grisea%29.JPG	124
122	http://upload.wikimedia.org/wikipedia/commons/thumb/4/4b/Drymophila_klagesi_%28Klages%27s_Antbird%29_-_female_and_male_%287612302738%29.jpg/220px-Drymophila_klagesi_%28Klages%27s_Antbird%29_-_female_and_male_%287612302738%29.jpg	125
123	http://upload.wikimedia.org/wikipedia/commons/thumb/4/49/Grallaria_bangsi.jpg/220px-Grallaria_bangsi.jpg	126
124	http://upload.wikimedia.org/wikipedia/commons/thumb/a/a2/Rufous_Antpitta%2C_Tapichalaca%2C_Ecuador_%285746102588%29.jpg/220px-Rufous_Antpitta%2C_Tapichalaca%2C_Ecuador_%285746102588%29.jpg	127
125	http://upload.wikimedia.org/wikipedia/commons/thumb/5/5a/Status_iucn3.1_LC.svg/220px-Status_iucn3.1_LC.svg.png	128
126	http://upload.wikimedia.org/wikipedia/commons/thumb/5/50/Scytalopus_latrans_-NBII_Image_Gallery-a00273.jpg/220px-Scytalopus_latrans_-NBII_Image_Gallery-a00273.jpg	129
127	http://upload.wikimedia.org/wikipedia/commons/thumb/5/5a/Status_iucn3.1_LC.svg/220px-Status_iucn3.1_LC.svg.png	130
128	http://upload.wikimedia.org/wikipedia/commons/thumb/5/5a/Status_iucn3.1_LC.svg/220px-Status_iucn3.1_LC.svg.png	131
129	http://upload.wikimedia.org/wikipedia/commons/thumb/c/ca/Gray_throated_leaftosser.jpg/220px-Gray_throated_leaftosser.jpg	132
130	http://upload.wikimedia.org/wikipedia/commons/thumb/1/19/Sittasomus_griseicapillus_Olivaceous_Woodcreeper.jpg/220px-Sittasomus_griseicapillus_Olivaceous_Woodcreeper.jpg	133
131	http://upload.wikimedia.org/wikipedia/commons/thumb/5/5a/Status_iucn3.1_LC.svg/220px-Status_iucn3.1_LC.svg.png	134
132	http://upload.wikimedia.org/wikipedia/commons/thumb/f/ff/Dendrocincla_fuliginosa_-NW_Ecuador-8.jpg/220px-Dendrocincla_fuliginosa_-NW_Ecuador-8.jpg	135
133	http://upload.wikimedia.org/wikipedia/commons/thumb/3/39/Glyphorynchus_spirurus_-NW_Ecuador-8.jpg/260px-Glyphorynchus_spirurus_-NW_Ecuador-8.jpg	136
134	http://upload.wikimedia.org/wikipedia/commons/thumb/1/1d/Flickr_-_Rainbirder_-_Northern_Barred_Woodcreeper_%28Dendrocolaptes_sanctithomae%29.jpg/220px-Flickr_-_Rainbirder_-_Northern_Barred_Woodcreeper_%28Dendrocolaptes_sanctithomae%29.jpg	137
135	http://upload.wikimedia.org/wikipedia/commons/thumb/7/7d/DendrocolaptesPuncticollisSmit.jpg/220px-DendrocolaptesPuncticollisSmit.jpg	138
136	http://upload.wikimedia.org/wikipedia/commons/thumb/9/9a/Strong-billed_woodcreeper_2.jpg/220px-Strong-billed_woodcreeper_2.jpg	139
137	http://upload.wikimedia.org/wikipedia/commons/thumb/5/5a/Status_iucn3.1_LC.svg/220px-Status_iucn3.1_LC.svg.png	140
138	http://upload.wikimedia.org/wikipedia/commons/thumb/6/6a/Cocoa_Woodcreeper.jpg/220px-Cocoa_Woodcreeper.jpg	141
139	http://upload.wikimedia.org/wikipedia/commons/thumb/0/07/Straight-billed_Woodcreeper.jpg/220px-Straight-billed_Woodcreeper.jpg	142
140	http://upload.wikimedia.org/wikipedia/commons/thumb/2/26/Flickr_-_Rainbirder_-_Streak-headed_Woodcreeper_%28Lepidocolaptes_souleyetii%29.jpg/220px-Flickr_-_Rainbirder_-_Streak-headed_Woodcreeper_%28Lepidocolaptes_souleyetii%29.jpg	143
141	http://upload.wikimedia.org/wikipedia/commons/thumb/f/f1/Lepidocolaptes_lacrymiger_-NW_Ecuador-6.jpg/220px-Lepidocolaptes_lacrymiger_-NW_Ecuador-6.jpg	144
142	http://upload.wikimedia.org/wikipedia/commons/thumb/f/fd/Xenops_minutus_%28cropped%29.jpg/220px-Xenops_minutus_%28cropped%29.jpg	145
143	http://upload.wikimedia.org/wikipedia/commons/thumb/3/3c/Xenops_rutilans_-Piraju%2C_Sao_Paulo%2C_Brazil-8.jpg/220px-Xenops_rutilans_-Piraju%2C_Sao_Paulo%2C_Brazil-8.jpg	146
144	http://upload.wikimedia.org/wikipedia/commons/thumb/2/2b/Anabacerthia_striaticollis_%2815768922817%29.jpg/220px-Anabacerthia_striaticollis_%2815768922817%29.jpg	147
145	http://upload.wikimedia.org/wikipedia/commons/thumb/e/ef/Clibanornis_rubiginosus_%28Ruddy_Foliage-gleaner%29_%287069142559%29.jpg/220px-Clibanornis_rubiginosus_%28Ruddy_Foliage-gleaner%29_%287069142559%29.jpg	148
146	http://upload.wikimedia.org/wikipedia/commons/thumb/f/f3/Thripadectes_flammulatus_-NBII_Image_Gallery-a00252.jpg/220px-Thripadectes_flammulatus_-NBII_Image_Gallery-a00252.jpg	149
147	http://upload.wikimedia.org/wikipedia/commons/thumb/c/cf/MargarornisBrunnescensWolf.jpg/220px-MargarornisBrunnescensWolf.jpg	150
148	http://upload.wikimedia.org/wikipedia/commons/thumb/5/5a/Status_iucn3.1_LC.svg/220px-Status_iucn3.1_LC.svg.png	151
149	http://upload.wikimedia.org/wikipedia/commons/thumb/8/89/Synallaxis_albescens_-Piraju%2C_Sao_Paulo%2C_Brazil-8.jpg/220px-Synallaxis_albescens_-Piraju%2C_Sao_Paulo%2C_Brazil-8.jpg	152
150	http://upload.wikimedia.org/wikipedia/commons/thumb/c/ca/Synallaxis_unirufa.jpg/220px-Synallaxis_unirufa.jpg	153
151	http://upload.wikimedia.org/wikipedia/commons/thumb/5/54/Synallaxis_fuscorufa2.jpg/220px-Synallaxis_fuscorufa2.jpg	154
152	http://upload.wikimedia.org/wikipedia/commons/thumb/5/5e/Mecocerculus_leucophrys_-Ecuador-8.jpg/220px-Mecocerculus_leucophrys_-Ecuador-8.jpg	155
153	http://upload.wikimedia.org/wikipedia/commons/thumb/5/53/Phaeomyias_murina1.jpg/220px-Phaeomyias_murina1.jpg	156
154	http://upload.wikimedia.org/wikipedia/commons/thumb/7/7a/Capsiempis_flaveola_-Costa_Rica-8_%281%29.jpg/220px-Capsiempis_flaveola_-Costa_Rica-8_%281%29.jpg	157
155	http://upload.wikimedia.org/wikipedia/commons/thumb/8/8a/Forest_Elaenia.jpg/220px-Forest_Elaenia.jpg	158
156	http://upload.wikimedia.org/wikipedia/commons/thumb/e/ee/Flickr_-_Dario_Sanches_-_GUARACAVA-DE-BARRIGA-AMARELA_%28Elaenia_flavogaster%29.jpg/220px-Flickr_-_Dario_Sanches_-_GUARACAVA-DE-BARRIGA-AMARELA_%28Elaenia_flavogaster%29.jpg	159
157	http://upload.wikimedia.org/wikipedia/commons/thumb/d/d6/Lesser_Elaenia.jpg/220px-Lesser_Elaenia.jpg	160
158	http://upload.wikimedia.org/wikipedia/commons/thumb/c/c2/Mountain_Elaenia_-_Colombia_S4E2481.jpg/220px-Mountain_Elaenia_-_Colombia_S4E2481.jpg	161
159	http://upload.wikimedia.org/wikipedia/commons/thumb/5/5c/Sierran_Elaenia_-_South_Ecuador.jpg/220px-Sierran_Elaenia_-_South_Ecuador.jpg	162
160	http://upload.wikimedia.org/wikipedia/commons/thumb/f/f9/Mionectes_striaticollis_-NBII_Image_Gallery-a00255.jpg/220px-Mionectes_striaticollis_-NBII_Image_Gallery-a00255.jpg	163
161	http://upload.wikimedia.org/wikipedia/commons/thumb/d/d1/Olive-striped_flycatcher.jpg/220px-Olive-striped_flycatcher.jpg	164
162	http://upload.wikimedia.org/wikipedia/commons/thumb/9/93/Mionectes_oleagineus_2.jpg/220px-Mionectes_oleagineus_2.jpg	165
163	http://upload.wikimedia.org/wikipedia/commons/thumb/b/b3/Leptopogon_amaurocephalus_-Piraju%2C_Sao_Paulo%2C_Brazil-8.jpg/220px-Leptopogon_amaurocephalus_-Piraju%2C_Sao_Paulo%2C_Brazil-8.jpg	166
164	http://upload.wikimedia.org/wikipedia/commons/thumb/b/b4/Leptopogon_superciliaris.jpg/220px-Leptopogon_superciliaris.jpg	167
165	http://upload.wikimedia.org/wikipedia/commons/thumb/c/c0/Sooty-headedTyrannulet.jpg/220px-Sooty-headedTyrannulet.jpg	168
166	http://upload.wikimedia.org/wikipedia/commons/thumb/4/4c/Black-cappedTyrannulet.jpg/220px-Black-cappedTyrannulet.jpg	169
167	http://upload.wikimedia.org/wikipedia/commons/thumb/f/f0/Zimmerius_improbus_%2815014408014%29.jpg/220px-Zimmerius_improbus_%2815014408014%29.jpg	170
168	http://upload.wikimedia.org/wikipedia/commons/thumb/4/43/Golden-faced_Tyrannulet_-_Colombia_S4E9917.jpg/220px-Golden-faced_Tyrannulet_-_Colombia_S4E9917.jpg	171
169	http://upload.wikimedia.org/wikipedia/commons/thumb/8/88/Northern_Scrub_Flycatcher.jpg/220px-Northern_Scrub_Flycatcher.jpg	172
170	http://upload.wikimedia.org/wikipedia/commons/thumb/5/5a/Status_iucn3.1_LC.svg/220px-Status_iucn3.1_LC.svg.png	173
171	http://upload.wikimedia.org/wikipedia/commons/thumb/8/84/Euscarthmus_meloryphus_-Piraju%2C_Sao_Paulo%2C_Brazil-8.jpg/220px-Euscarthmus_meloryphus_-Piraju%2C_Sao_Paulo%2C_Brazil-8.jpg	174
172	http://upload.wikimedia.org/wikipedia/commons/thumb/d/d4/Atalotriccus_pilaris_pilaris_Wolf.jpg/220px-Atalotriccus_pilaris_pilaris_Wolf.jpg	175
173	http://upload.wikimedia.org/wikipedia/commons/thumb/3/37/Hemitriccus_granadensis_2.jpg/220px-Hemitriccus_granadensis_2.jpg	176
174	http://upload.wikimedia.org/wikipedia/commons/thumb/1/1f/Slaty-headed_Tody-Flycatcher_%28Poecilotriccus_sylvia%29_%288079753320%29.jpg/220px-Slaty-headed_Tody-Flycatcher_%28Poecilotriccus_sylvia%29_%288079753320%29.jpg	177
175	http://upload.wikimedia.org/wikipedia/commons/thumb/d/df/Common_tody-flycatcher_%28Todirostrum_cinereum%29.JPG/220px-Common_tody-flycatcher_%28Todirostrum_cinereum%29.JPG	178
176	http://upload.wikimedia.org/wikipedia/commons/thumb/c/ce/Tolmomyias_sulphurescens_-Parque_Estadual_da_Cantareira%2C_Sao_Paulo%2C_Brazil-8.jpg/220px-Tolmomyias_sulphurescens_-Parque_Estadual_da_Cantareira%2C_Sao_Paulo%2C_Brazil-8.jpg	179
177	http://upload.wikimedia.org/wikipedia/commons/thumb/7/77/Tolmomyias_flaviventris_-_Yellow-breasted_Flycatcher.JPG/220px-Tolmomyias_flaviventris_-_Yellow-breasted_Flycatcher.JPG	180
178	http://upload.wikimedia.org/wikipedia/commons/thumb/8/85/PATINHO_%28Platyrinchus_mystaceus%29.jpg/220px-PATINHO_%28Platyrinchus_mystaceus%29.jpg	181
179	http://upload.wikimedia.org/wikipedia/commons/thumb/7/7b/Flickr_-_Rainbirder_-_Northern_Royal_Flycatcher_%28Onychorhynchus_mexicanus%29.jpg/220px-Flickr_-_Rainbirder_-_Northern_Royal_Flycatcher_%28Onychorhynchus_mexicanus%29.jpg	182
180	http://upload.wikimedia.org/wikipedia/commons/thumb/1/10/Cinnamon_Flycatcher_%28Pyrrhomyias_cinnamomeus%29.jpg/220px-Cinnamon_Flycatcher_%28Pyrrhomyias_cinnamomeus%29.jpg	183
181	http://upload.wikimedia.org/wikipedia/commons/thumb/7/72/MOSQUETA_ESTRIADA_Myiophobus_fasciatus.jpg/220px-MOSQUETA_ESTRIADA_Myiophobus_fasciatus.jpg	184
182	http://upload.wikimedia.org/wikipedia/commons/thumb/c/ce/Lathrotriccus_euleri_Euler%27s_Flycatcher.JPG/220px-Lathrotriccus_euleri_Euler%27s_Flycatcher.JPG	185
183	http://upload.wikimedia.org/wikipedia/commons/thumb/5/5b/Status_iucn3.1_NT.svg/220px-Status_iucn3.1_NT.svg.png	186
184	http://upload.wikimedia.org/wikipedia/commons/thumb/8/86/Olive-sided_Flycatcher.jpg/220px-Olive-sided_Flycatcher.jpg	187
185	http://upload.wikimedia.org/wikipedia/commons/thumb/d/d6/Contopus_fumigatus%2C_Smoke-colored_Pewee.jpg/220px-Contopus_fumigatus%2C_Smoke-colored_Pewee.jpg	188
186	http://upload.wikimedia.org/wikipedia/commons/thumb/9/96/Contopus_sordidulus_1.jpg/220px-Contopus_sordidulus_1.jpg	189
187	http://upload.wikimedia.org/wikipedia/commons/thumb/3/3b/Eastern_Peewee-Yucat%C3%A1n.jpg/220px-Eastern_Peewee-Yucat%C3%A1n.jpg	190
188	http://upload.wikimedia.org/wikipedia/commons/thumb/e/ee/Tropical_Pewee_-_Rio_Tigre_-_Costa_Rica.jpg/220px-Tropical_Pewee_-_Rio_Tigre_-_Costa_Rica.jpg	191
189	http://upload.wikimedia.org/wikipedia/commons/thumb/8/85/Cnemotriccus_fuscatus_1.jpg/220px-Cnemotriccus_fuscatus_1.jpg	192
190	http://upload.wikimedia.org/wikipedia/commons/thumb/0/00/Southwestern_Willow_Flycatcher.jpg/220px-Southwestern_Willow_Flycatcher.jpg	193
191	http://upload.wikimedia.org/wikipedia/commons/thumb/6/6d/Sayornis_nigricans_NBII.jpg/220px-Sayornis_nigricans_NBII.jpg	194
192	http://upload.wikimedia.org/wikipedia/commons/thumb/5/57/Myiotheretes_striaticollis_-Ecuador-6.jpg/220px-Myiotheretes_striaticollis_-Ecuador-6.jpg	195
193	http://upload.wikimedia.org/wikipedia/commons/thumb/e/ea/Santa_Marta_Bush_Tyrant.jpg/220px-Santa_Marta_Bush_Tyrant.jpg	196
194	http://upload.wikimedia.org/wikipedia/commons/thumb/4/45/Ochthoeca_diadema.jpg/220px-Ochthoeca_diadema.jpg	197
195	http://upload.wikimedia.org/wikipedia/commons/thumb/1/11/Cattle_Tyrant_-_Pantanal_-_Brazil_H8O0107_%2816298240983%29.jpg/220px-Cattle_Tyrant_-_Pantanal_-_Brazil_H8O0107_%2816298240983%29.jpg	198
196	http://upload.wikimedia.org/wikipedia/commons/thumb/9/96/Attila_spadiceus.jpg/220px-Attila_spadiceus.jpg	199
197	http://upload.wikimedia.org/wikipedia/commons/thumb/f/f3/Myiarchus-tuberculifer-001.jpg/220px-Myiarchus-tuberculifer-001.jpg	200
198	http://upload.wikimedia.org/wikipedia/commons/thumb/5/5a/Status_iucn3.1_LC.svg/220px-Status_iucn3.1_LC.svg.png	201
199	http://upload.wikimedia.org/wikipedia/commons/thumb/4/44/Myiarchus_cephalotes_%28Atrapamoscas_monta%C3%B1ero%29_%2816089213637%29.jpg/220px-Myiarchus_cephalotes_%28Atrapamoscas_monta%C3%B1ero%29_%2816089213637%29.jpg	202
200	http://upload.wikimedia.org/wikipedia/commons/thumb/9/9a/Great_Crested_Flycatcher_in_back_of_Bowman%27s_Beach%2C_Sanibel.jpg/220px-Great_Crested_Flycatcher_in_back_of_Bowman%27s_Beach%2C_Sanibel.jpg	203
201	http://upload.wikimedia.org/wikipedia/commons/thumb/d/dc/Myiarchus_tyrannulus_1.jpg/220px-Myiarchus_tyrannulus_1.jpg	204
202	http://upload.wikimedia.org/wikipedia/commons/thumb/a/aa/Lesser_Kiskadee_2.jpg/220px-Lesser_Kiskadee_2.jpg	205
203	http://upload.wikimedia.org/wikipedia/commons/thumb/8/8c/Pitangus_sulphuratus_3.jpg/220px-Pitangus_sulphuratus_3.jpg	206
204	http://upload.wikimedia.org/wikipedia/commons/thumb/6/6f/NEINEI_%28Megarynchus_pitangua%29.jpg/220px-NEINEI_%28Megarynchus_pitangua%29.jpg	207
205	http://upload.wikimedia.org/wikipedia/commons/thumb/a/a5/Myiozetetes_cayanensis_-Manizales%2C_Caldas%2C_Colombia-8.jpg/220px-Myiozetetes_cayanensis_-Manizales%2C_Caldas%2C_Colombia-8.jpg	208
206	http://upload.wikimedia.org/wikipedia/commons/thumb/a/a4/Myiozetetes-similis-001.jpg/220px-Myiozetetes-similis-001.jpg	209
207	http://upload.wikimedia.org/wikipedia/commons/thumb/f/ff/Myiodynastes_chrysocephalus-2.jpg/220px-Myiodynastes_chrysocephalus-2.jpg	210
208	http://upload.wikimedia.org/wikipedia/commons/thumb/2/2d/BEM-TE-VI-RAJADO_%28_Myiodynastes_maculatus%29.jpg/220px-BEM-TE-VI-RAJADO_%28_Myiodynastes_maculatus%29.jpg	211
209	http://upload.wikimedia.org/wikipedia/commons/thumb/f/f4/Piratic_flycatcher.jpg/220px-Piratic_flycatcher.jpg	212
210	http://upload.wikimedia.org/wikipedia/commons/thumb/4/4f/Tropical_kingbird_%28Tyrannus_melancholicus%29.JPG/220px-Tropical_kingbird_%28Tyrannus_melancholicus%29.JPG	213
211	http://upload.wikimedia.org/wikipedia/commons/thumb/2/26/Tyrannus_savana_-Colombia-8.jpg/220px-Tyrannus_savana_-Colombia-8.jpg	214
212	http://upload.wikimedia.org/wikipedia/commons/thumb/e/e6/Golden-breasted_Fruiteater_-_Granicera_Pechidorada_%28Pipreola_aureopectus_festiva%29%28%E2%99%80%29_%2814112978623%29.jpg/220px-Golden-breasted_Fruiteater_-_Granicera_Pechidorada_%28Pipreola_aureopectus_festiva%29%28%E2%99%80%29_%2814112978623%29.jpg	215
213	http://upload.wikimedia.org/wikipedia/commons/thumb/5/52/Lance-tailed_Manakin_%2814700946111%29.jpg/220px-Lance-tailed_Manakin_%2814700946111%29.jpg	216
214	http://upload.wikimedia.org/wikipedia/commons/thumb/7/7e/Manacus_manacus.jpg/220px-Manacus_manacus.jpg	217
215	http://upload.wikimedia.org/wikipedia/commons/thumb/e/e2/Golden-headed_Manakin_RWD.jpg/220px-Golden-headed_Manakin_RWD.jpg	218
216	http://upload.wikimedia.org/wikipedia/commons/thumb/4/40/Black-crowned_tityra.jpg/220px-Black-crowned_tityra.jpg	219
217	http://upload.wikimedia.org/wikipedia/commons/thumb/b/bb/Tityra_semifasciata_-Brazil-8.jpg/220px-Tityra_semifasciata_-Brazil-8.jpg	220
218	http://upload.wikimedia.org/wikipedia/commons/thumb/5/5a/Status_iucn3.1_LC.svg/220px-Status_iucn3.1_LC.svg.png	221
219	http://upload.wikimedia.org/wikipedia/commons/thumb/3/35/Pachyramphus_versicolor_%28male%29_-NW_Ecuador-6.jpg/220px-Pachyramphus_versicolor_%28male%29_-NW_Ecuador-6.jpg	222
220	http://upload.wikimedia.org/wikipedia/commons/thumb/f/f8/Pachyramphys_rufus_-_Cinereous_becard_%28male%29.jpg/220px-Pachyramphys_rufus_-_Cinereous_becard_%28male%29.jpg	223
221	http://upload.wikimedia.org/wikipedia/commons/thumb/8/8e/Flickr_-_Rainbirder_-_Cinnamon_Becard_%28Pachyramphus_cinnamomeus%29_%281%29_%28cropped%29.jpg/220px-Flickr_-_Rainbirder_-_Cinnamon_Becard_%28Pachyramphus_cinnamomeus%29_%281%29_%28cropped%29.jpg	224
222	http://upload.wikimedia.org/wikipedia/commons/thumb/5/5a/Black-and-White_Becard_-_Ecuador_S4E3868_%2816298262843%29.jpg/220px-Black-and-White_Becard_-_Ecuador_S4E3868_%2816298262843%29.jpg	225
223	http://upload.wikimedia.org/wikipedia/commons/thumb/4/43/Cyclarhis_gujanensis_-eating_green_caterpillar.jpg/220px-Cyclarhis_gujanensis_-eating_green_caterpillar.jpg	226
224	http://upload.wikimedia.org/wikipedia/commons/thumb/2/25/Hylophilus_flavipes_viridiflavus_1902.jpg/220px-Hylophilus_flavipes_viridiflavus_1902.jpg	227
225	http://upload.wikimedia.org/wikipedia/commons/thumb/6/6f/Brown-capped_Vireo_-_South_Ecuador_S4E8717_%2822991156292%29.jpg/220px-Brown-capped_Vireo_-_South_Ecuador_S4E8717_%2822991156292%29.jpg	229
226	http://upload.wikimedia.org/wikipedia/commons/thumb/b/b2/Vireo_flavoviridis_-Panama-8a.jpg/220px-Vireo_flavoviridis_-Panama-8a.jpg	231
227	http://upload.wikimedia.org/wikipedia/commons/thumb/7/7b/Cyanocorax_affinis.jpg/220px-Cyanocorax_affinis.jpg	232
228	http://upload.wikimedia.org/wikipedia/commons/thumb/b/b9/Pygochelidon_cyanoleuca_-Capao_do_Leao%2C_Rio_Grande_do_Sul%2C_Brazil-8.jpg/220px-Pygochelidon_cyanoleuca_-Capao_do_Leao%2C_Rio_Grande_do_Sul%2C_Brazil-8.jpg	233
229	http://upload.wikimedia.org/wikipedia/commons/thumb/8/83/Southern_rough-winged_swallow_%28Stelgidopteryx_ruficollis_ruficollis%29.JPG/220px-Southern_rough-winged_swallow_%28Stelgidopteryx_ruficollis_ruficollis%29.JPG	234
230	http://upload.wikimedia.org/wikipedia/commons/thumb/1/13/Progne_tapera_-Rio_Grande_do_Sul-8a.jpg/220px-Progne_tapera_-Rio_Grande_do_Sul-8a.jpg	235
231	http://upload.wikimedia.org/wikipedia/commons/thumb/6/69/White-winged_Swallow_1052.jpg/220px-White-winged_Swallow_1052.jpg	236
232	http://upload.wikimedia.org/wikipedia/commons/thumb/2/24/Landsvale.jpg/220px-Landsvale.jpg	237
233	http://upload.wikimedia.org/wikipedia/commons/thumb/f/f1/Microcerculus_marginatus.jpg/220px-Microcerculus_marginatus.jpg	238
234	http://upload.wikimedia.org/wikipedia/commons/thumb/0/08/Troglodytes_aedon_NPS.jpg/220px-Troglodytes_aedon_NPS.jpg	239
235	http://upload.wikimedia.org/wikipedia/commons/thumb/6/61/Mountain_Wren_-_Ecuador_S4E3967_%2817168286775%29.jpg/220px-Mountain_Wren_-_Ecuador_S4E3967_%2817168286775%29.jpg	240
236	http://upload.wikimedia.org/wikipedia/commons/thumb/a/ae/Bicolored_Wren_750.jpg/220px-Bicolored_Wren_750.jpg	241
237	http://upload.wikimedia.org/wikipedia/commons/thumb/7/70/Rufous-breasted_Wren_-_Panama_H8O7861_%2816980522778%29.jpg/220px-Rufous-breasted_Wren_-_Panama_H8O7861_%2816980522778%29.jpg	242
238	http://upload.wikimedia.org/wikipedia/commons/thumb/d/de/Thryophilus_rufalbus_%28Rufous-and-white_Wren%29_%287245413144%29.jpg/220px-Thryophilus_rufalbus_%28Rufous-and-white_Wren%29_%287245413144%29.jpg	243
239	http://upload.wikimedia.org/wikipedia/commons/thumb/5/53/Bay_Wren.jpg/220px-Bay_Wren.jpg	244
240	http://upload.wikimedia.org/wikipedia/commons/thumb/c/cc/Cantorchilus_leucotis-Buff-breasted_Wren.jpg/220px-Cantorchilus_leucotis-Buff-breasted_Wren.jpg	245
241	http://upload.wikimedia.org/wikipedia/commons/thumb/4/4e/Gray-breasted_Wood-Wren_-_Colombia_S4E9753_%2816982145839%29.jpg/220px-Gray-breasted_Wood-Wren_-_Colombia_S4E9753_%2816982145839%29.jpg	246
242	http://upload.wikimedia.org/wikipedia/commons/thumb/d/db/Long-billed_Gnatwren.jpg/220px-Long-billed_Gnatwren.jpg	247
243	http://upload.wikimedia.org/wikipedia/commons/thumb/0/08/Tropical_Gnatcatcher_%28Polioptila_plumbea%29.jpg/220px-Tropical_Gnatcatcher_%28Polioptila_plumbea%29.jpg	248
244	http://upload.wikimedia.org/wikipedia/commons/thumb/a/a2/Orange-billed_Nightingale-Thrush%2C_La_Concordia%2C_Mexico_%2817001712972%29.jpg/220px-Orange-billed_Nightingale-Thrush%2C_La_Concordia%2C_Mexico_%2817001712972%29.jpg	249
245	http://upload.wikimedia.org/wikipedia/commons/thumb/c/cd/Catharus_fuscater_Santa_Elena_1.JPG/220px-Catharus_fuscater_Santa_Elena_1.JPG	250
246	http://upload.wikimedia.org/wikipedia/commons/thumb/3/3f/Catharus_fuscescens_CT.jpg/220px-Catharus_fuscescens_CT.jpg	251
247	http://upload.wikimedia.org/wikipedia/commons/thumb/5/5a/Graycheekedthrush36.jpg/220px-Graycheekedthrush36.jpg	252
248	http://upload.wikimedia.org/wikipedia/commons/thumb/3/35/Catharus_ustulatus_-North_Dakota-8a.jpg/220px-Catharus_ustulatus_-North_Dakota-8a.jpg	253
249	http://upload.wikimedia.org/wikipedia/commons/thumb/b/b1/Turdus_leucomelas.jpg/220px-Turdus_leucomelas.jpg	254
250	http://upload.wikimedia.org/wikipedia/commons/thumb/2/2c/Turdus_flavipes_-Parque_Estadual_da_Serra_da_Cantareira%2C_Sao_Paulo%2C_Brazil-8.jpg/220px-Turdus_flavipes_-Parque_Estadual_da_Serra_da_Cantareira%2C_Sao_Paulo%2C_Brazil-8.jpg	255
251	http://upload.wikimedia.org/wikipedia/commons/thumb/5/5a/Status_iucn3.1_LC.svg/220px-Status_iucn3.1_LC.svg.png	256
252	http://upload.wikimedia.org/wikipedia/commons/thumb/d/d8/Turdus_albicollis.jpg/220px-Turdus_albicollis.jpg	257
253	http://upload.wikimedia.org/wikipedia/commons/thumb/e/ed/Turdus_ignobilis%2C_Black-billed_Thrush.jpg/220px-Turdus_ignobilis%2C_Black-billed_Thrush.jpg	258
254	http://upload.wikimedia.org/wikipedia/commons/thumb/7/7d/Black-hooded_Thrush_-_Paraulata_Cabecinegra_%28Turdus_olivater_olivater%29.jpg/220px-Black-hooded_Thrush_-_Paraulata_Cabecinegra_%28Turdus_olivater_olivater%29.jpg	259
255	http://upload.wikimedia.org/wikipedia/commons/thumb/3/32/GreatThrush.jpg/220px-GreatThrush.jpg	260
256	http://upload.wikimedia.org/wikipedia/commons/thumb/3/39/Glossy-black_Thrush_RWD3.jpg/220px-Glossy-black_Thrush_RWD3.jpg	261
257	http://upload.wikimedia.org/wikipedia/commons/thumb/8/88/Chlorophonia_cyanea_Blue-naped_Chlorophonia_%28cropped%29.jpg/220px-Chlorophonia_cyanea_Blue-naped_Chlorophonia_%28cropped%29.jpg	262
258	http://upload.wikimedia.org/wikipedia/commons/thumb/1/11/Saucito.jpg/220px-Saucito.jpg	263
259	http://upload.wikimedia.org/wikipedia/commons/thumb/e/ee/Thick-billed_Euphonia.jpg/220px-Thick-billed_Euphonia.jpg	264
260	http://upload.wikimedia.org/wikipedia/commons/thumb/2/2f/%E2%99%82_lesser_goldfinch.jpg/220px-%E2%99%82_lesser_goldfinch.jpg	265
261	http://upload.wikimedia.org/wikipedia/commons/thumb/e/e4/Carduelis_spinescens.jpg/220px-Carduelis_spinescens.jpg	266
262	http://upload.wikimedia.org/wikipedia/commons/thumb/d/d1/Carduelis_xanthogastra_-Manizales%2C_Caldas%2C_Colombia-8.jpg/220px-Carduelis_xanthogastra_-Manizales%2C_Caldas%2C_Colombia-8.jpg	267
263	http://upload.wikimedia.org/wikipedia/commons/thumb/b/bb/Rhodinocichla_rosea_Naturhistorisches_Museum_%28MoNH%29_Vienna.jpg/220px-Rhodinocichla_rosea_Naturhistorisches_Museum_%28MoNH%29_Vienna.jpg	268
264	http://upload.wikimedia.org/wikipedia/commons/thumb/3/32/Arremonops_conirostris_-near_Rancho_Naturalista%2C_Cordillera_de_Talamanca%2C_Costa_Rica-8.jpg/220px-Arremonops_conirostris_-near_Rancho_Naturalista%2C_Cordillera_de_Talamanca%2C_Costa_Rica-8.jpg	269
265	http://upload.wikimedia.org/wikipedia/commons/thumb/8/81/Buarremon_assimilis_%28Atlapetes_listado%29_%2822654443455%29.jpg/220px-Buarremon_assimilis_%28Atlapetes_listado%29_%2822654443455%29.jpg	270
266	http://upload.wikimedia.org/wikipedia/commons/thumb/5/5a/Status_iucn3.1_LC.svg/220px-Status_iucn3.1_LC.svg.png	271
267	http://upload.wikimedia.org/wikipedia/commons/thumb/e/eb/Zonotrichia_capensis_-Buenos_Aires%2C_Argentina-8.jpg/220px-Zonotrichia_capensis_-Buenos_Aires%2C_Argentina-8.jpg	272
268	http://upload.wikimedia.org/wikipedia/commons/thumb/4/46/Atlapetes_melanocephalus.jpg/220px-Atlapetes_melanocephalus.jpg	273
269	http://upload.wikimedia.org/wikipedia/commons/thumb/a/ad/Amblycercus_holosericeus.jpg/220px-Amblycercus_holosericeus.jpg	274
270	http://upload.wikimedia.org/wikipedia/commons/thumb/e/e9/Crested_oropendola_%28Psarocolius_decumanus_insularis%29.jpg/220px-Crested_oropendola_%28Psarocolius_decumanus_insularis%29.jpg	275
271	http://upload.wikimedia.org/wikipedia/commons/thumb/6/6f/Orchard_Oriole_by_Dan_Pancamo_1.jpg/220px-Orchard_Oriole_by_Dan_Pancamo_1.jpg	276
272	http://upload.wikimedia.org/wikipedia/commons/thumb/a/ae/Toche_Pareja.jpg/220px-Toche_Pareja.jpg	277
273	http://upload.wikimedia.org/wikipedia/commons/thumb/8/85/Orange-crowned_Oriole_f2.jpg/220px-Orange-crowned_Oriole_f2.jpg	278
274	http://upload.wikimedia.org/wikipedia/commons/thumb/d/d6/Icterus_nigrogularis_2.jpg/220px-Icterus_nigrogularis_2.jpg	279
275	http://upload.wikimedia.org/wikipedia/commons/thumb/6/66/Icterus-galbula-002.jpg/220px-Icterus-galbula-002.jpg	280
276	http://upload.wikimedia.org/wikipedia/commons/thumb/0/03/Shiny_cowbird_%28Molothrus_bonariensis%29_male.JPG/220px-Shiny_cowbird_%28Molothrus_bonariensis%29_male.JPG	281
277	http://upload.wikimedia.org/wikipedia/commons/thumb/a/a9/Molothrus_oryzivorus.jpg/220px-Molothrus_oryzivorus.jpg	282
278	http://upload.wikimedia.org/wikipedia/commons/thumb/8/8e/Quiscalus_mexicanusMPCCA20061226-0567B.jpg/220px-Quiscalus_mexicanusMPCCA20061226-0567B.jpg	283
279	http://upload.wikimedia.org/wikipedia/commons/thumb/a/a4/Seiurus_motacillaEMP17CB.jpg/220px-Seiurus_motacillaEMP17CB.jpg	284
280	http://upload.wikimedia.org/wikipedia/commons/thumb/b/b4/Northern_Waterthrush%2C_Parkesia_noveboracensis.jpg/220px-Northern_Waterthrush%2C_Parkesia_noveboracensis.jpg	285
281	http://upload.wikimedia.org/wikipedia/commons/thumb/5/5f/Golden-winged_Warbler_NGM-v31-p308-C.jpg/220px-Golden-winged_Warbler_NGM-v31-p308-C.jpg	286
282	http://upload.wikimedia.org/wikipedia/commons/thumb/f/f4/Black-and-white_Warbler.jpg/220px-Black-and-white_Warbler.jpg	287
283	http://upload.wikimedia.org/wikipedia/commons/thumb/5/55/Protonotaria-citrea-002_edit.jpg/220px-Protonotaria-citrea-002_edit.jpg	288
284	http://upload.wikimedia.org/wikipedia/commons/thumb/0/0f/Tennessee_Warbler_2.jpg/220px-Tennessee_Warbler_2.jpg	289
285	http://upload.wikimedia.org/wikipedia/commons/thumb/5/5a/Status_iucn3.1_LC.svg/220px-Status_iucn3.1_LC.svg.png	290
286	http://upload.wikimedia.org/wikipedia/commons/thumb/f/f4/Oporornis_philadelphiaAAP100CB1.jpg/220px-Oporornis_philadelphiaAAP100CB1.jpg	291
287	http://upload.wikimedia.org/wikipedia/commons/thumb/f/fe/Oporornis_formosus_FWS.jpg/220px-Oporornis_formosus_FWS.jpg	292
288	http://upload.wikimedia.org/wikipedia/commons/thumb/c/cd/Setophaga_ruticilla_-Chiquimula%2C_Guatemala_-male-8-4c.jpg/220px-Setophaga_ruticilla_-Chiquimula%2C_Guatemala_-male-8-4c.jpg	293
289	http://upload.wikimedia.org/wikipedia/commons/thumb/b/bb/Parula_pitiayumi_-Piraju%2C_Sao_Paulo%2C_Brazil-8.jpg/220px-Parula_pitiayumi_-Piraju%2C_Sao_Paulo%2C_Brazil-8.jpg	294
290	http://upload.wikimedia.org/wikipedia/commons/thumb/a/af/Dendroica-castanea-001.jpg/220px-Dendroica-castanea-001.jpg	295
291	http://upload.wikimedia.org/wikipedia/commons/thumb/f/fe/Dendroica-fusca-001.jpg/220px-Dendroica-fusca-001.jpg	296
292	http://upload.wikimedia.org/wikipedia/commons/thumb/a/a3/Dendroica-aestiva-001.jpg/220px-Dendroica-aestiva-001.jpg	297
293	http://upload.wikimedia.org/wikipedia/commons/thumb/4/46/Dendroica_striata_MN.jpg/220px-Dendroica_striata_MN.jpg	298
294	http://upload.wikimedia.org/wikipedia/commons/thumb/8/83/BlackthroatedGreenWarbler08.jpg/220px-BlackthroatedGreenWarbler08.jpg	299
295	http://upload.wikimedia.org/wikipedia/commons/thumb/8/89/Rufous-capped_Warbler_-_Panama_H8O8781_%2823053413302%29.jpg/220px-Rufous-capped_Warbler_-_Panama_H8O8781_%2823053413302%29.jpg	300
296	http://upload.wikimedia.org/wikipedia/commons/thumb/c/cb/Flickr_-_Dario_Sanches_-_PULA-PULA_%28Basileuterus_culicivorus%29_%283%29.jpg/220px-Flickr_-_Dario_Sanches_-_PULA-PULA_%28Basileuterus_culicivorus%29_%283%29.jpg	301
297	http://upload.wikimedia.org/wikipedia/commons/thumb/c/ce/BasileuterusCinereicollisJennens.jpg/220px-BasileuterusCinereicollisJennens.jpg	303
298	http://upload.wikimedia.org/wikipedia/commons/thumb/5/5b/Status_iucn3.1_NT.svg/220px-Status_iucn3.1_NT.svg.png	304
299	http://upload.wikimedia.org/wikipedia/commons/thumb/b/b1/8G7D5475-Canada.jpg/220px-8G7D5475-Canada.jpg	305
300	http://upload.wikimedia.org/wikipedia/commons/thumb/f/f9/Slate_throated_redstart.jpg/220px-Slate_throated_redstart.jpg	306
301	http://upload.wikimedia.org/wikipedia/commons/thumb/d/d9/Yellow-crowned_Whitestart.jpg/220px-Yellow-crowned_Whitestart.jpg	307
302	http://upload.wikimedia.org/wikipedia/commons/thumb/9/98/Myioborus_ornatus_-_Abanico_cariblanco_-_Golden-fronted_Whitestart_%288872557662%29.jpg/220px-Myioborus_ornatus_-_Abanico_cariblanco_-_Golden-fronted_Whitestart_%288872557662%29.jpg	308
303	http://upload.wikimedia.org/wikipedia/commons/thumb/4/46/Piranga_hepatica.jpg/220px-Piranga_hepatica.jpg	309
304	http://upload.wikimedia.org/wikipedia/commons/thumb/0/09/Summer_Tanager_male_hephzibah.jpg/220px-Summer_Tanager_male_hephzibah.jpg	310
305	http://upload.wikimedia.org/wikipedia/commons/thumb/1/1c/7Z1E5997a.jpg/220px-7Z1E5997a.jpg	311
306	http://upload.wikimedia.org/wikipedia/commons/thumb/c/ce/Pheucticus_chrysogaster_%28male%29_-Ecuador-8.jpg/220px-Pheucticus_chrysogaster_%28male%29_-Ecuador-8.jpg	312
307	http://upload.wikimedia.org/wikipedia/commons/thumb/d/d3/RosebreastedGrosbeak08.jpg/220px-RosebreastedGrosbeak08.jpg	313
308	http://upload.wikimedia.org/wikipedia/commons/thumb/2/20/Cyanocompsa_cyanoides.jpg/220px-Cyanocompsa_cyanoides.jpg	314
309	http://upload.wikimedia.org/wikipedia/commons/thumb/6/62/Passerina_cyaneaAAP086CA.jpg/220px-Passerina_cyaneaAAP086CA.jpg	315
310	http://upload.wikimedia.org/wikipedia/commons/thumb/d/d6/Eucometis_penicillata_-Manizales%2C_Caldas%2C_Colombia-8.jpg/220px-Eucometis_penicillata_-Manizales%2C_Caldas%2C_Colombia-8.jpg	316
311	http://upload.wikimedia.org/wikipedia/commons/thumb/3/31/White-shouldered_Tanager_-_Los_Cusingos_-_Costa_Rica_MG_7492_%2826630300691%29.jpg/220px-White-shouldered_Tanager_-_Los_Cusingos_-_Costa_Rica_MG_7492_%2826630300691%29.jpg	317
312	http://upload.wikimedia.org/wikipedia/commons/thumb/c/cd/Tachyphonus_rufus_-Asa_Wright_Nature_Centre%2C_Northern_Range%2C_Trinidad%2C_Trinidad_and_Tobago_-pair-8a-3c.jpg/220px-Tachyphonus_rufus_-Asa_Wright_Nature_Centre%2C_Northern_Range%2C_Trinidad%2C_Trinidad_and_Tobago_-pair-8a-3c.jpg	318
313	http://upload.wikimedia.org/wikipedia/commons/thumb/9/92/Crimson-backed_Tanager_%28Ramphocelus_dimidiatus%29_%288079786801%29.jpg/220px-Crimson-backed_Tanager_%28Ramphocelus_dimidiatus%29_%288079786801%29.jpg	319
314	http://upload.wikimedia.org/wikipedia/commons/thumb/0/06/PoecilothraupisMelanogenys.jpg/220px-PoecilothraupisMelanogenys.jpg	320
315	http://upload.wikimedia.org/wikipedia/commons/thumb/2/2f/Dubusia_taeniata.JPG/220px-Dubusia_taeniata.JPG	321
316	http://upload.wikimedia.org/wikipedia/commons/thumb/0/0e/Thraupis-episcopus-001.jpg/220px-Thraupis-episcopus-001.jpg	322
317	http://upload.wikimedia.org/wikipedia/commons/thumb/c/cc/Palm_tanager_%28Thraupis_palmarum_melanoptera%29.jpg/220px-Palm_tanager_%28Thraupis_palmarum_melanoptera%29.jpg	323
318	http://upload.wikimedia.org/wikipedia/commons/thumb/c/c2/Thraupis_cyanocephala_-Parque_Nacional_El_Avila%2C_Caracas%2C_Venezuela-8.jpg/220px-Thraupis_cyanocephala_-Parque_Nacional_El_Avila%2C_Caracas%2C_Venezuela-8.jpg	324
319	http://upload.wikimedia.org/wikipedia/commons/thumb/e/ee/CallisteWhitelyiKeulemans.jpg/220px-CallisteWhitelyiKeulemans.jpg	325
320	http://upload.wikimedia.org/wikipedia/commons/thumb/6/6b/Tangara_heinei_-Ecuador-8.jpg/220px-Tangara_heinei_-Ecuador-8.jpg	326
321	http://upload.wikimedia.org/wikipedia/commons/thumb/f/f7/Bay-headed_Tanager.jpg/220px-Bay-headed_Tanager.jpg	327
322	http://upload.wikimedia.org/wikipedia/commons/thumb/7/72/Swallow_Tanager_%28Tersina_viridis%29..jpg/220px-Swallow_Tanager_%28Tersina_viridis%29..jpg	328
323	http://upload.wikimedia.org/wikipedia/commons/thumb/b/b5/Pitpit.jpg/220px-Pitpit.jpg	329
324	http://upload.wikimedia.org/wikipedia/commons/thumb/f/f7/Red-legged_Honeycreeper_RWD12b.jpg/220px-Red-legged_Honeycreeper_RWD12b.jpg	330
325	http://upload.wikimedia.org/wikipedia/commons/thumb/1/1c/Conirostrum_rufum.jpg/220px-Conirostrum_rufum.jpg	331
326	http://upload.wikimedia.org/wikipedia/commons/thumb/7/7f/Black_flowerpiercer_GC.jpg/220px-Black_flowerpiercer_GC.jpg	332
327	http://upload.wikimedia.org/wikipedia/commons/thumb/a/ac/White-sided_Flowerpiercer_-_South_Ecuador_S4E2856_%2823391895895%29.jpg/220px-White-sided_Flowerpiercer_-_South_Ecuador_S4E2856_%2823391895895%29.jpg	333
328	http://upload.wikimedia.org/wikipedia/commons/thumb/2/25/Rusty_Flowerpiercer_fem_-_Colombia_S4E8749_%2822763945584%29.jpg/220px-Rusty_Flowerpiercer_fem_-_Colombia_S4E8749_%2822763945584%29.jpg	334
329	http://upload.wikimedia.org/wikipedia/commons/thumb/3/3e/Bluish_Flowerpiercer_%285283140856%29.jpg/220px-Bluish_Flowerpiercer_%285283140856%29.jpg	335
330	http://upload.wikimedia.org/wikipedia/commons/thumb/2/28/Catamblyrhynchus_diadema_1.jpg/220px-Catamblyrhynchus_diadema_1.jpg	336
331	http://upload.wikimedia.org/wikipedia/commons/thumb/9/96/Cnemoscopus_rubrirostris.jpg/220px-Cnemoscopus_rubrirostris.jpg	338
332	http://upload.wikimedia.org/wikipedia/commons/thumb/2/26/Can%C3%A1rio-rasteiro.jpg/220px-Can%C3%A1rio-rasteiro.jpg	339
333	http://upload.wikimedia.org/wikipedia/commons/thumb/4/41/Tiziu.jpg/220px-Tiziu.jpg	340
334	http://upload.wikimedia.org/wikipedia/commons/thumb/e/ed/Sporophila_castaneiventris_-_Chestnut-bellied_Seedeate.jpg/220px-Sporophila_castaneiventris_-_Chestnut-bellied_Seedeate.jpg	341
335	http://upload.wikimedia.org/wikipedia/commons/thumb/4/4d/Ruddy-breasted_Seedeater.jpg/220px-Ruddy-breasted_Seedeater.jpg	342
336	http://upload.wikimedia.org/wikipedia/commons/thumb/7/7b/Sporophila_nigricollis_%28male%29_-NW_Ecuador.jpg/220px-Sporophila_nigricollis_%28male%29_-NW_Ecuador.jpg	345
337	http://upload.wikimedia.org/wikipedia/commons/thumb/c/c2/NBII_Image_Gallery_-Catamenia_inornata-a00269.jpg/220px-NBII_Image_Gallery_-Catamenia_inornata-a00269.jpg	346
338	http://upload.wikimedia.org/wikipedia/commons/thumb/5/57/Paramo_seedeater.jpg/220px-Paramo_seedeater.jpg	347
339	http://upload.wikimedia.org/wikipedia/commons/thumb/b/b5/Bananaquits.jpg/220px-Bananaquits.jpg	348
340	http://upload.wikimedia.org/wikipedia/commons/thumb/1/14/Yellow-faced-grassquit-eating-seeds.jpg/220px-Yellow-faced-grassquit-eating-seeds.jpg	349
341	http://upload.wikimedia.org/wikipedia/commons/thumb/2/24/Dull-colored_Grassquit_%28Tiaris_obscurus%29.jpg/220px-Dull-colored_Grassquit_%28Tiaris_obscurus%29.jpg	350
342	http://upload.wikimedia.org/wikipedia/commons/thumb/6/69/Black-faced_grassquit_%28Tiaris_bicolor%29_male.jpg/220px-Black-faced_grassquit_%28Tiaris_bicolor%29_male.jpg	351
343	http://upload.wikimedia.org/wikipedia/commons/thumb/d/d5/Buff-throated_Saltator.jpg/220px-Buff-throated_Saltator.jpg	352
344	http://upload.wikimedia.org/wikipedia/commons/thumb/b/b1/Grausaltator_.jpg/220px-Grausaltator_.jpg	353
345	http://upload.wikimedia.org/wikipedia/commons/thumb/0/0d/Saltator_striatipectus_-Manizales%2C_Caldas%2C_Colombia-8_%281%29.jpg/220px-Saltator_striatipectus_-Manizales%2C_Caldas%2C_Colombia-8_%281%29.jpg	354
